junior-CS322-최광무-pos-강의,24
junior-CS322-최광무-pos-널널,24
junior-CS322-최광무-pos-성적,24
junior-CS322-최광무-neg-강의,24
junior-CS322-최광무-neg-널널,24
junior-CS322-최광무-neg-성적,24
senior-CS493-정지원-pos-강의,1
senior-CS493-정지원-pos-널널,1
senior-CS493-정지원-pos-성적,1
senior-CS493-정지원-neg-강의,1
senior-CS493-정지원-neg-널널,1
senior-CS493-정지원-neg-성적,1
junior-CS311-허재혁-pos-강의,15
junior-CS311-허재혁-pos-널널,15
junior-CS311-허재혁-pos-성적,15
junior-CS311-허재혁-neg-강의,15
junior-CS311-허재혁-neg-널널,15
junior-CS311-허재혁-neg-성적,15
sophomore-CS230-김동준-pos-강의,31
sophomore-CS230-김동준-pos-널널,31
sophomore-CS230-김동준-pos-성적,31
sophomore-CS230-김동준-neg-강의,31
sophomore-CS230-김동준-neg-널널,31
sophomore-CS230-김동준-neg-성적,31
junior-CS300-최성희-pos-강의,29
junior-CS300-최성희-pos-널널,29
junior-CS300-최성희-pos-성적,29
junior-CS300-최성희-neg-강의,29
junior-CS300-최성희-neg-널널,29
junior-CS300-최성희-neg-성적,29
freshman-CS109-정지원-pos-강의,14
freshman-CS109-정지원-pos-널널,14
freshman-CS109-정지원-pos-성적,14
freshman-CS109-정지원-neg-강의,14
freshman-CS109-정지원-neg-널널,14
freshman-CS109-정지원-neg-성적,14
sophomore-CS206-강성원-pos-강의,11
sophomore-CS206-강성원-pos-널널,11
sophomore-CS206-강성원-pos-성적,11
sophomore-CS206-강성원-neg-강의,11
sophomore-CS206-강성원-neg-널널,11
sophomore-CS206-강성원-neg-성적,11
sophomore-CS204-김순태-pos-강의,3
sophomore-CS204-김순태-pos-널널,3
sophomore-CS204-김순태-pos-성적,3
sophomore-CS204-김순태-neg-강의,3
sophomore-CS204-김순태-neg-널널,3
sophomore-CS204-김순태-neg-성적,3
sophomore-CS220-한태숙-pos-강의,17
sophomore-CS220-한태숙-pos-널널,17
sophomore-CS220-한태숙-pos-성적,17
sophomore-CS220-한태숙-neg-강의,17
sophomore-CS220-한태숙-neg-널널,17
sophomore-CS220-한태숙-neg-성적,17
junior-CS330-신인식-pos-강의,22
junior-CS330-신인식-pos-널널,22
junior-CS330-신인식-pos-성적,22
junior-CS330-신인식-neg-강의,22
junior-CS330-신인식-neg-널널,22
junior-CS330-신인식-neg-성적,22
senior-CS448-김광조-pos-강의,6
senior-CS448-김광조-pos-널널,6
senior-CS448-김광조-pos-성적,6
senior-CS448-김광조-neg-강의,6
senior-CS448-김광조-neg-널널,6
senior-CS448-김광조-neg-성적,6
sophomore-CS211-맹승렬-pos-강의,16
sophomore-CS211-맹승렬-pos-널널,16
sophomore-CS211-맹승렬-pos-성적,16
sophomore-CS211-맹승렬-neg-강의,16
sophomore-CS211-맹승렬-neg-널널,16
sophomore-CS211-맹승렬-neg-성적,16
sophomore-CS202-좌경룡-pos-강의,8
sophomore-CS202-좌경룡-pos-널널,8
sophomore-CS202-좌경룡-pos-성적,8
sophomore-CS202-좌경룡-neg-강의,8
sophomore-CS202-좌경룡-neg-널널,8
sophomore-CS202-좌경룡-neg-성적,8
junior-CS330-송준화-pos-강의,23
junior-CS330-송준화-pos-널널,23
junior-CS330-송준화-pos-성적,23
junior-CS330-송준화-neg-강의,23
junior-CS330-송준화-neg-널널,23
junior-CS330-송준화-neg-성적,23
junior-CS320-류석영-pos-강의,42
junior-CS320-류석영-pos-널널,42
junior-CS320-류석영-pos-성적,42
junior-CS320-류석영-neg-강의,42
junior-CS320-류석영-neg-널널,42
junior-CS320-류석영-neg-성적,42
sophomore-CS204-정진완-pos-강의,1
sophomore-CS204-정진완-pos-널널,1
sophomore-CS204-정진완-pos-성적,1
sophomore-CS204-정진완-neg-강의,1
sophomore-CS204-정진완-neg-널널,1
sophomore-CS204-정진완-neg-성적,1
sophomore-CS206-정지원-pos-강의,9
sophomore-CS206-정지원-pos-널널,9
sophomore-CS206-정지원-pos-성적,9
sophomore-CS206-정지원-neg-강의,9
sophomore-CS206-정지원-neg-널널,9
sophomore-CS206-정지원-neg-성적,9
junior-CS360-정진완-pos-강의,1
junior-CS360-정진완-pos-널널,1
junior-CS360-정진완-pos-성적,1
junior-CS360-정진완-neg-강의,1
junior-CS360-정진완-neg-널널,1
junior-CS360-정진완-neg-성적,1
junior-CS300-신성용-pos-강의,1
junior-CS300-신성용-pos-널널,1
junior-CS300-신성용-pos-성적,1
junior-CS300-신성용-neg-강의,1
junior-CS300-신성용-neg-널널,1
junior-CS300-신성용-neg-성적,1
sophomore-CS204-황규영-pos-강의,5
sophomore-CS204-황규영-pos-널널,5
sophomore-CS204-황규영-pos-성적,5
sophomore-CS204-황규영-neg-강의,5
sophomore-CS204-황규영-neg-널널,5
sophomore-CS204-황규영-neg-성적,5
freshman-CS101-강성원-pos-강의,2
freshman-CS101-강성원-pos-널널,2
freshman-CS101-강성원-pos-성적,2
freshman-CS101-강성원-neg-강의,2
freshman-CS101-강성원-neg-널널,2
freshman-CS101-강성원-neg-성적,2
sophomore-CS206-이기혁-pos-강의,7
sophomore-CS206-이기혁-pos-널널,7
sophomore-CS206-이기혁-pos-성적,7
sophomore-CS206-이기혁-neg-강의,7
sophomore-CS206-이기혁-neg-널널,7
sophomore-CS206-이기혁-neg-성적,7
graduate-CS510-허재혁-pos-강의,3
graduate-CS510-허재혁-pos-널널,3
graduate-CS510-허재혁-pos-성적,3
graduate-CS510-허재혁-neg-강의,3
graduate-CS510-허재혁-neg-널널,3
graduate-CS510-허재혁-neg-성적,3
freshman-CS101-정지원-pos-강의,1
freshman-CS101-정지원-pos-널널,1
freshman-CS101-정지원-pos-성적,1
freshman-CS101-정지원-neg-강의,1
freshman-CS101-정지원-neg-널널,1
freshman-CS101-정지원-neg-성적,1
sophomore-CS270-조성호-pos-강의,3
sophomore-CS270-조성호-pos-널널,3
sophomore-CS270-조성호-pos-성적,3
sophomore-CS270-조성호-neg-강의,3
sophomore-CS270-조성호-neg-널널,3
sophomore-CS270-조성호-neg-성적,3
freshman-CS101-최호진-pos-강의,6
freshman-CS101-최호진-pos-널널,6
freshman-CS101-최호진-pos-성적,6
freshman-CS101-최호진-neg-강의,6
freshman-CS101-최호진-neg-널널,6
freshman-CS101-최호진-neg-성적,6
freshman-CS101-김기응-pos-강의,2
freshman-CS101-김기응-pos-널널,2
freshman-CS101-김기응-pos-성적,2
freshman-CS101-김기응-neg-강의,2
freshman-CS101-김기응-neg-널널,2
freshman-CS101-김기응-neg-성적,2
freshman-CS101-한태숙-pos-강의,2
freshman-CS101-한태숙-pos-널널,2
freshman-CS101-한태숙-pos-성적,2
freshman-CS101-한태숙-neg-강의,2
freshman-CS101-한태숙-neg-널널,2
freshman-CS101-한태숙-neg-성적,2
freshman-CS101-이윤준-pos-강의,1
freshman-CS101-이윤준-pos-널널,1
freshman-CS101-이윤준-pos-성적,1
freshman-CS101-이윤준-neg-강의,1
freshman-CS101-이윤준-neg-널널,1
freshman-CS101-이윤준-neg-성적,1
senior-CS459-고인영,-pos-강의,1
senior-CS459-고인영,-pos-널널,1
senior-CS459-고인영,-pos-성적,1
senior-CS459-고인영,-neg-강의,1
senior-CS459-고인영,-neg-널널,1
senior-CS459-고인영,-neg-성적,1
junior-CS311-김순태-pos-강의,6
junior-CS311-김순태-pos-널널,6
junior-CS311-김순태-pos-성적,6
junior-CS311-김순태-neg-강의,6
junior-CS311-김순태-neg-널널,6
junior-CS311-김순태-neg-성적,6
junior-CS360-현순주-pos-강의,2
junior-CS360-현순주-pos-널널,2
junior-CS360-현순주-pos-성적,2
junior-CS360-현순주-neg-강의,2
junior-CS360-현순주-neg-널널,2
junior-CS360-현순주-neg-성적,2
sophomore-CS206-김기응-pos-강의,12
sophomore-CS206-김기응-pos-널널,12
sophomore-CS206-김기응-pos-성적,12
sophomore-CS206-김기응-neg-강의,12
sophomore-CS206-김기응-neg-널널,12
sophomore-CS206-김기응-neg-성적,12
sophomore-CS204-박진아-pos-강의,20
sophomore-CS204-박진아-pos-널널,20
sophomore-CS204-박진아-pos-성적,20
sophomore-CS204-박진아-neg-강의,20
sophomore-CS204-박진아-neg-널널,20
sophomore-CS204-박진아-neg-성적,20
junior-CS300-정지원-pos-강의,9
junior-CS300-정지원-pos-널널,9
junior-CS300-정지원-pos-성적,9
junior-CS300-정지원-neg-강의,9
junior-CS300-정지원-neg-널널,9
junior-CS300-정지원-neg-성적,9
junior-CS341-문수복,-pos-강의,2
junior-CS341-문수복,-pos-널널,2
junior-CS341-문수복,-pos-성적,2
junior-CS341-문수복,-neg-강의,2
junior-CS341-문수복,-neg-널널,2
junior-CS341-문수복,-neg-성적,2
graduate-CS672-김기응-pos-강의,1
graduate-CS672-김기응-pos-널널,1
graduate-CS672-김기응-pos-성적,1
graduate-CS672-김기응-neg-강의,1
graduate-CS672-김기응-neg-널널,1
graduate-CS672-김기응-neg-성적,1
senior-CS420-한동수-pos-강의,4
senior-CS420-한동수-pos-널널,4
senior-CS420-한동수-pos-성적,4
senior-CS420-한동수-neg-강의,4
senior-CS420-한동수-neg-널널,4
senior-CS420-한동수-neg-성적,4
senior-CS408-이윤준-pos-강의,1
senior-CS408-이윤준-pos-널널,1
senior-CS408-이윤준-pos-성적,1
senior-CS408-이윤준-neg-강의,1
senior-CS408-이윤준-neg-널널,1
senior-CS408-이윤준-neg-성적,1
junior-CS310-맹승렬-pos-강의,4
junior-CS310-맹승렬-pos-널널,4
junior-CS310-맹승렬-pos-성적,4
junior-CS310-맹승렬-neg-강의,4
junior-CS310-맹승렬-neg-널널,4
junior-CS310-맹승렬-neg-성적,4
junior-CS360-황규영-pos-강의,3
junior-CS360-황규영-pos-널널,3
junior-CS360-황규영-pos-성적,3
junior-CS360-황규영-neg-강의,3
junior-CS360-황규영-neg-널널,3
junior-CS360-황규영-neg-성적,3
junior-CS311-김동준-pos-강의,1
junior-CS311-김동준-pos-널널,1
junior-CS311-김동준-pos-성적,1
junior-CS311-김동준-neg-강의,1
junior-CS311-김동준-neg-널널,1
junior-CS311-김동준-neg-성적,1
freshman-CS101-박진아-pos-강의,1
freshman-CS101-박진아-pos-널널,1
freshman-CS101-박진아-pos-성적,1
freshman-CS101-박진아-neg-강의,1
freshman-CS101-박진아-neg-널널,1
freshman-CS101-박진아-neg-성적,1
sophomore-CS230-허재혁-pos-강의,17
sophomore-CS230-허재혁-pos-널널,17
sophomore-CS230-허재혁-pos-성적,17
sophomore-CS230-허재혁-neg-강의,17
sophomore-CS230-허재혁-neg-널널,17
sophomore-CS230-허재혁-neg-성적,17
sophomore-CS206-윤성의-pos-강의,5
sophomore-CS206-윤성의-pos-널널,5
sophomore-CS206-윤성의-pos-성적,5
sophomore-CS206-윤성의-neg-강의,5
sophomore-CS206-윤성의-neg-널널,5
sophomore-CS206-윤성의-neg-성적,5
senior-CS453-김문주-pos-강의,2
senior-CS453-김문주-pos-널널,2
senior-CS453-김문주-pos-성적,2
senior-CS453-김문주-neg-강의,2
senior-CS453-김문주-neg-널널,2
senior-CS453-김문주-neg-성적,2
freshman-CS101-김문주-pos-강의,6
freshman-CS101-김문주-pos-널널,6
freshman-CS101-김문주-pos-성적,6
freshman-CS101-김문주-neg-강의,6
freshman-CS101-김문주-neg-널널,6
freshman-CS101-김문주-neg-성적,6
junior-CS311-윤현수-pos-강의,16
junior-CS311-윤현수-pos-널널,16
junior-CS311-윤현수-pos-성적,16
junior-CS311-윤현수-neg-강의,16
junior-CS311-윤현수-neg-널널,16
junior-CS311-윤현수-neg-성적,16
freshman-CS101-최성희-pos-강의,4
freshman-CS101-최성희-pos-널널,4
freshman-CS101-최성희-pos-성적,4
freshman-CS101-최성희-neg-강의,4
freshman-CS101-최성희-neg-널널,4
freshman-CS101-최성희-neg-성적,4
freshman-CS101-허재혁-pos-강의,2
freshman-CS101-허재혁-pos-널널,2
freshman-CS101-허재혁-pos-성적,2
freshman-CS101-허재혁-neg-강의,2
freshman-CS101-허재혁-neg-널널,2
freshman-CS101-허재혁-neg-성적,2
sophomore-CS230-김대영-pos-강의,13
sophomore-CS230-김대영-pos-널널,13
sophomore-CS230-김대영-pos-성적,13
sophomore-CS230-김대영-neg-강의,13
sophomore-CS230-김대영-neg-널널,13
sophomore-CS230-김대영-neg-성적,13
freshman-CS101-고인영-pos-강의,8
freshman-CS101-고인영-pos-널널,8
freshman-CS101-고인영-pos-성적,8
freshman-CS101-고인영-neg-강의,8
freshman-CS101-고인영-neg-널널,8
freshman-CS101-고인영-neg-성적,8
freshman-CS101-최기선-pos-강의,2
freshman-CS101-최기선-pos-널널,2
freshman-CS101-최기선-pos-성적,2
freshman-CS101-최기선-neg-강의,2
freshman-CS101-최기선-neg-널널,2
freshman-CS101-최기선-neg-성적,2
senior-CS422-정지원-pos-강의,1
senior-CS422-정지원-pos-널널,1
senior-CS422-정지원-pos-성적,1
senior-CS422-정지원-neg-강의,1
senior-CS422-정지원-neg-널널,1
senior-CS422-정지원-neg-성적,1
junior-CS350-김문주-pos-강의,3
junior-CS350-김문주-pos-널널,3
junior-CS350-김문주-pos-성적,3
junior-CS350-김문주-neg-강의,3
junior-CS350-김문주-neg-널널,3
junior-CS350-김문주-neg-성적,3
senior-CS408-이준상-pos-강의,4
senior-CS408-이준상-pos-널널,4
senior-CS408-이준상-pos-성적,4
senior-CS408-이준상-neg-강의,4
senior-CS408-이준상-neg-널널,4
senior-CS408-이준상-neg-성적,4
freshman-CS101-김민혁-pos-강의,3
freshman-CS101-김민혁-pos-널널,3
freshman-CS101-김민혁-pos-성적,3
freshman-CS101-김민혁-neg-강의,3
freshman-CS101-김민혁-neg-널널,3
freshman-CS101-김민혁-neg-성적,3
sophomore-CS204-최성희,-pos-강의,3
sophomore-CS204-최성희,-pos-널널,3
sophomore-CS204-최성희,-pos-성적,3
sophomore-CS204-최성희,-neg-강의,3
sophomore-CS204-최성희,-neg-널널,3
sophomore-CS204-최성희,-neg-성적,3
junior-CS360-김명호-pos-강의,6
junior-CS360-김명호-pos-널널,6
junior-CS360-김명호-pos-성적,6
junior-CS360-김명호-neg-강의,6
junior-CS360-김명호-neg-널널,6
junior-CS360-김명호-neg-성적,6
junior-CS300-에릭-pos-강의,3
junior-CS300-에릭-pos-널널,3
junior-CS300-에릭-pos-성적,3
junior-CS300-에릭-neg-강의,3
junior-CS300-에릭-neg-널널,3
junior-CS300-에릭-neg-성적,3
sophomore-CS206-이윤준-pos-강의,1
sophomore-CS206-이윤준-pos-널널,1
sophomore-CS206-이윤준-pos-성적,1
sophomore-CS206-이윤준-neg-강의,1
sophomore-CS206-이윤준-neg-널널,1
sophomore-CS206-이윤준-neg-성적,1
freshman-CS101-김순태-pos-강의,5
freshman-CS101-김순태-pos-널널,5
freshman-CS101-김순태-pos-성적,5
freshman-CS101-김순태-neg-강의,5
freshman-CS101-김순태-neg-널널,5
freshman-CS101-김순태-neg-성적,5
sophomore-CS204-강성원-pos-강의,11
sophomore-CS204-강성원-pos-널널,11
sophomore-CS204-강성원-pos-성적,11
sophomore-CS204-강성원-neg-강의,11
sophomore-CS204-강성원-neg-널널,11
sophomore-CS204-강성원-neg-성적,11
sophomore-CS206-오혜연-pos-강의,13
sophomore-CS206-오혜연-pos-널널,13
sophomore-CS206-오혜연-pos-성적,13
sophomore-CS206-오혜연-neg-강의,13
sophomore-CS206-오혜연-neg-널널,13
sophomore-CS206-오혜연-neg-성적,13
junior-CS341-문수복-pos-강의,3
junior-CS341-문수복-pos-널널,3
junior-CS341-문수복-pos-성적,3
junior-CS341-문수복-neg-강의,3
junior-CS341-문수복-neg-널널,3
junior-CS341-문수복-neg-성적,3
senior-CS492-유신-pos-강의,1
senior-CS492-유신-pos-널널,1
senior-CS492-유신-pos-성적,1
senior-CS492-유신-neg-강의,1
senior-CS492-유신-neg-널널,1
senior-CS492-유신-neg-성적,1
freshman-CS109-류석영-pos-강의,6
freshman-CS109-류석영-pos-널널,6
freshman-CS109-류석영-pos-성적,6
freshman-CS109-류석영-neg-강의,6
freshman-CS109-류석영-neg-널널,6
freshman-CS109-류석영-neg-성적,6
senior-CS408-최옥주-pos-강의,4
senior-CS408-최옥주-pos-널널,4
senior-CS408-최옥주-pos-성적,4
senior-CS408-최옥주-neg-강의,4
senior-CS408-최옥주-neg-널널,4
senior-CS408-최옥주-neg-성적,4
freshman-CS101-문수복-pos-강의,2
freshman-CS101-문수복-pos-널널,2
freshman-CS101-문수복-pos-성적,2
freshman-CS101-문수복-neg-강의,2
freshman-CS101-문수복-neg-널널,2
freshman-CS101-문수복-neg-성적,2
freshman-CS101-이영희-pos-강의,3
freshman-CS101-이영희-pos-널널,3
freshman-CS101-이영희-pos-성적,3
freshman-CS101-이영희-neg-강의,3
freshman-CS101-이영희-neg-널널,3
freshman-CS101-이영희-neg-성적,3
sophomore-CS202-신성용-pos-강의,6
sophomore-CS202-신성용-pos-널널,6
sophomore-CS202-신성용-pos-성적,6
sophomore-CS202-신성용-neg-강의,6
sophomore-CS202-신성용-neg-널널,6
sophomore-CS202-신성용-neg-성적,6
junior-CS380-윤성의-pos-강의,3
junior-CS380-윤성의-pos-널널,3
junior-CS380-윤성의-pos-성적,3
junior-CS380-윤성의-neg-강의,3
junior-CS380-윤성의-neg-널널,3
junior-CS380-윤성의-neg-성적,3
senior-CS402-유신-pos-강의,6
senior-CS402-유신-pos-널널,6
senior-CS402-유신-pos-성적,6
senior-CS402-유신-neg-강의,6
senior-CS402-유신-neg-널널,6
senior-CS402-유신-neg-성적,6
senior-CS470-최호진-pos-강의,1
senior-CS470-최호진-pos-널널,1
senior-CS470-최호진-pos-성적,1
senior-CS470-최호진-neg-강의,1
senior-CS470-최호진-neg-널널,1
senior-CS470-최호진-neg-성적,1
junior-CS380-박진아-pos-강의,4
junior-CS380-박진아-pos-널널,4
junior-CS380-박진아-pos-성적,4
junior-CS380-박진아-neg-강의,4
junior-CS380-박진아-neg-널널,4
junior-CS380-박진아-neg-성적,4
junior-CS341-이영희,-pos-강의,3
junior-CS341-이영희,-pos-널널,3
junior-CS341-이영희,-pos-성적,3
junior-CS341-이영희,-neg-강의,3
junior-CS341-이영희,-neg-널널,3
junior-CS341-이영희,-neg-성적,3
sophomore-CS204-최광무-pos-강의,1
sophomore-CS204-최광무-pos-널널,1
sophomore-CS204-최광무-pos-성적,1
sophomore-CS204-최광무-neg-강의,1
sophomore-CS204-최광무-neg-널널,1
sophomore-CS204-최광무-neg-성적,1
senior-CS408-최호진-pos-강의,1
senior-CS408-최호진-pos-널널,1
senior-CS408-최호진-pos-성적,1
senior-CS408-최호진-neg-강의,1
senior-CS408-최호진-neg-널널,1
senior-CS408-최호진-neg-성적,1
senior-CS442-이성주-pos-강의,3
senior-CS442-이성주-pos-널널,3
senior-CS442-이성주-pos-성적,3
senior-CS442-이성주-neg-강의,3
senior-CS442-이성주-neg-널널,3
senior-CS442-이성주-neg-성적,3
junior-CS350-백종문-pos-강의,1
junior-CS350-백종문-pos-널널,1
junior-CS350-백종문-pos-성적,1
junior-CS350-백종문-neg-강의,1
junior-CS350-백종문-neg-널널,1
junior-CS350-백종문-neg-성적,1
freshman-CS101-윤성의-pos-강의,1
freshman-CS101-윤성의-pos-널널,1
freshman-CS101-윤성의-pos-성적,1
freshman-CS101-윤성의-neg-강의,1
freshman-CS101-윤성의-neg-널널,1
freshman-CS101-윤성의-neg-성적,1
freshman-CS101-오혜연-pos-강의,3
freshman-CS101-오혜연-pos-널널,3
freshman-CS101-오혜연-pos-성적,3
freshman-CS101-오혜연-neg-강의,3
freshman-CS101-오혜연-neg-널널,3
freshman-CS101-오혜연-neg-성적,3
junior-CS341-이성주-pos-강의,9
junior-CS341-이성주-pos-널널,9
junior-CS341-이성주-pos-성적,9
junior-CS341-이성주-neg-강의,9
junior-CS341-이성주-neg-널널,9
junior-CS341-이성주-neg-성적,9
senior-CS492-양은호-pos-강의,8
senior-CS492-양은호-pos-널널,8
senior-CS492-양은호-pos-성적,8
senior-CS492-양은호-neg-강의,8
senior-CS492-양은호-neg-널널,8
senior-CS492-양은호-neg-성적,8
senior-CS409-이준상-pos-강의,1
senior-CS409-이준상-pos-널널,1
senior-CS409-이준상-pos-성적,1
senior-CS409-이준상-neg-강의,1
senior-CS409-이준상-neg-널널,1
senior-CS409-이준상-neg-성적,1
senior-CS492-김주호-pos-강의,5
senior-CS492-김주호-pos-널널,5
senior-CS492-김주호-pos-성적,5
senior-CS492-김주호-neg-강의,5
senior-CS492-김주호-neg-널널,5
senior-CS492-김주호-neg-성적,5
senior-CS408-백종문-pos-강의,3
senior-CS408-백종문-pos-널널,3
senior-CS408-백종문-pos-성적,3
senior-CS408-백종문-neg-강의,3
senior-CS408-백종문-neg-널널,3
senior-CS408-백종문-neg-성적,3
junior-CS350-배두환-pos-강의,7
junior-CS350-배두환-pos-널널,7
junior-CS350-배두환-pos-성적,7
junior-CS350-배두환-neg-강의,7
junior-CS350-배두환-neg-널널,7
junior-CS350-배두환-neg-성적,7
graduate-CS500-마틴-pos-강의,6
graduate-CS500-마틴-pos-널널,6
graduate-CS500-마틴-pos-성적,6
graduate-CS500-마틴-neg-강의,6
graduate-CS500-마틴-neg-널널,6
graduate-CS500-마틴-neg-성적,6
graduate-CS550-백종문-pos-강의,1
graduate-CS550-백종문-pos-널널,1
graduate-CS550-백종문-pos-성적,1
graduate-CS550-백종문-neg-강의,1
graduate-CS550-백종문-neg-널널,1
graduate-CS550-백종문-neg-성적,1
junior-CS300-헬무트알트-pos-강의,9
junior-CS300-헬무트알트-pos-널널,9
junior-CS300-헬무트알트-pos-성적,9
junior-CS300-헬무트알트-neg-강의,9
junior-CS300-헬무트알트-neg-널널,9
junior-CS300-헬무트알트-neg-성적,9
sophomore-CS204-이주영-pos-강의,4
sophomore-CS204-이주영-pos-널널,4
sophomore-CS204-이주영-pos-성적,4
sophomore-CS204-이주영-neg-강의,4
sophomore-CS204-이주영-neg-널널,4
sophomore-CS204-이주영-neg-성적,4
freshman-CS101-유신-pos-강의,1
freshman-CS101-유신-pos-널널,1
freshman-CS101-유신-pos-성적,1
freshman-CS101-유신-neg-강의,1
freshman-CS101-유신-neg-널널,1
freshman-CS101-유신-neg-성적,1
junior-CS374-김주호-pos-강의,9
junior-CS374-김주호-pos-널널,9
junior-CS374-김주호-pos-성적,9
junior-CS374-김주호-neg-강의,9
junior-CS374-김주호-neg-널널,9
junior-CS374-김주호-neg-성적,9
junior-CS360-이윤준-pos-강의,4
junior-CS360-이윤준-pos-널널,4
junior-CS360-이윤준-pos-성적,4
junior-CS360-이윤준-neg-강의,4
junior-CS360-이윤준-neg-널널,4
junior-CS360-이윤준-neg-성적,4
sophomore-CS206-이준상-pos-강의,1
sophomore-CS206-이준상-pos-널널,1
sophomore-CS206-이준상-pos-성적,1
sophomore-CS206-이준상-neg-강의,1
sophomore-CS206-이준상-neg-널널,1
sophomore-CS206-이준상-neg-성적,1
senior-CS457-고인영-pos-강의,1
senior-CS457-고인영-pos-널널,1
senior-CS457-고인영-pos-성적,1
senior-CS457-고인영-neg-강의,1
senior-CS457-고인영-neg-널널,1
senior-CS457-고인영-neg-성적,1
graduate-CS548-김광조-pos-강의,2
graduate-CS548-김광조-pos-널널,2
graduate-CS548-김광조-pos-성적,2
graduate-CS548-김광조-neg-강의,2
graduate-CS548-김광조-neg-널널,2
graduate-CS548-김광조-neg-성적,2
senior-CS494-이준상-pos-강의,1
senior-CS494-이준상-pos-널널,1
senior-CS494-이준상-pos-성적,1
senior-CS494-이준상-neg-강의,1
senior-CS494-이준상-neg-널널,1
senior-CS494-이준상-neg-성적,1
freshman-CS101-류덕산-pos-강의,4
freshman-CS101-류덕산-pos-널널,4
freshman-CS101-류덕산-pos-성적,4
freshman-CS101-류덕산-neg-강의,4
freshman-CS101-류덕산-neg-널널,4
freshman-CS101-류덕산-neg-성적,4
senior-CS496-류석영-pos-강의,1
senior-CS496-류석영-pos-널널,1
senior-CS496-류석영-pos-성적,1
senior-CS496-류석영-neg-강의,1
senior-CS496-류석영-neg-널널,1
senior-CS496-류석영-neg-성적,1
senior-CS454-유신-pos-강의,3
senior-CS454-유신-pos-널널,3
senior-CS454-유신-pos-성적,3
senior-CS454-유신-neg-강의,3
senior-CS454-유신-neg-널널,3
senior-CS454-유신-neg-성적,3
senior-CS474-맹성현-pos-강의,2
senior-CS474-맹성현-pos-널널,2
senior-CS474-맹성현-pos-성적,2
senior-CS474-맹성현-neg-강의,2
senior-CS474-맹성현-neg-널널,2
senior-CS474-맹성현-neg-성적,2
senior-CS489-이윤준-pos-강의,1
senior-CS489-이윤준-pos-널널,1
senior-CS489-이윤준-pos-성적,1
senior-CS489-이윤준-neg-강의,1
senior-CS489-이윤준-neg-널널,1
senior-CS489-이윤준-neg-성적,1
junior-CS341-이동만-pos-강의,3
junior-CS341-이동만-pos-널널,3
junior-CS341-이동만-pos-성적,3
junior-CS341-이동만-neg-강의,3
junior-CS341-이동만-neg-널널,3
junior-CS341-이동만-neg-성적,3
senior-CS422-마틴-pos-강의,1
senior-CS422-마틴-pos-널널,1
senior-CS422-마틴-pos-성적,1
senior-CS422-마틴-neg-강의,1
senior-CS422-마틴-neg-널널,1
senior-CS422-마틴-neg-성적,1
senior-CS492-차미영-pos-강의,3
senior-CS492-차미영-pos-널널,3
senior-CS492-차미영-pos-성적,3
senior-CS492-차미영-neg-강의,3
senior-CS492-차미영-neg-널널,3
senior-CS492-차미영-neg-성적,3
graduate-CS584-이기혁-pos-강의,1
graduate-CS584-이기혁-pos-널널,1
graduate-CS584-이기혁-pos-성적,1
graduate-CS584-이기혁-neg-강의,1
graduate-CS584-이기혁-neg-널널,1
graduate-CS584-이기혁-neg-성적,1
sophomore-CS204-마틴-pos-강의,2
sophomore-CS204-마틴-pos-널널,2
sophomore-CS204-마틴-pos-성적,2
sophomore-CS204-마틴-neg-강의,2
sophomore-CS204-마틴-neg-널널,2
sophomore-CS204-마틴-neg-성적,2
senior-CS443-문수복-pos-강의,1
senior-CS443-문수복-pos-널널,1
senior-CS443-문수복-pos-성적,1
senior-CS443-문수복-neg-강의,1
senior-CS443-문수복-neg-널널,1
senior-CS443-문수복-neg-성적,1
senior-CS492-정지원-pos-강의,1
senior-CS492-정지원-pos-널널,1
senior-CS492-정지원-pos-성적,1
senior-CS492-정지원-neg-강의,1
senior-CS492-정지원-neg-널널,1
senior-CS492-정지원-neg-성적,1
sophomore-CS206-류덕산-pos-강의,6
sophomore-CS206-류덕산-pos-널널,6
sophomore-CS206-류덕산-pos-성적,6
sophomore-CS206-류덕산-neg-강의,6
sophomore-CS206-류덕산-neg-널널,6
sophomore-CS206-류덕산-neg-성적,6
senior-CS492-양홍석-pos-강의,5
senior-CS492-양홍석-pos-널널,5
senior-CS492-양홍석-pos-성적,5
senior-CS492-양홍석-neg-강의,5
senior-CS492-양홍석-neg-널널,5
senior-CS492-양홍석-neg-성적,5
senior-CS470-김기응-pos-강의,4
senior-CS470-김기응-pos-널널,4
senior-CS470-김기응-pos-성적,4
senior-CS470-김기응-neg-강의,4
senior-CS470-김기응-neg-널널,4
senior-CS470-김기응-neg-성적,4
graduate-CS520-한태숙-pos-강의,1
graduate-CS520-한태숙-pos-널널,1
graduate-CS520-한태숙-pos-성적,1
graduate-CS520-한태숙-neg-강의,1
graduate-CS520-한태숙-neg-널널,1
graduate-CS520-한태숙-neg-성적,1
senior-CS492-류석영,-pos-강의,1
senior-CS492-류석영,-pos-널널,1
senior-CS492-류석영,-pos-성적,1
senior-CS492-류석영,-neg-강의,1
senior-CS492-류석영,-neg-널널,1
senior-CS492-류석영,-neg-성적,1
senior-CS476-최호진-pos-강의,1
senior-CS476-최호진-pos-널널,1
senior-CS476-최호진-pos-성적,1
senior-CS476-최호진-neg-강의,1
senior-CS476-최호진-neg-널널,1
senior-CS476-최호진-neg-성적,1
graduate-CS592-양은호-pos-강의,2
graduate-CS592-양은호-pos-널널,2
graduate-CS592-양은호-pos-성적,2
graduate-CS592-양은호-neg-강의,2
graduate-CS592-양은호-neg-널널,2
graduate-CS592-양은호-neg-성적,2
graduate-CS522-최광무-pos-강의,1
graduate-CS522-최광무-pos-널널,1
graduate-CS522-최광무-pos-성적,1
graduate-CS522-최광무-neg-강의,1
graduate-CS522-최광무-neg-널널,1
graduate-CS522-최광무-neg-성적,1
senior-CS408-류석영,-pos-강의,2
senior-CS408-류석영,-pos-널널,2
senior-CS408-류석영,-pos-성적,2
senior-CS408-류석영,-neg-강의,2
senior-CS408-류석영,-neg-널널,2
senior-CS408-류석영,-neg-성적,2
senior-CS448-이주영-pos-강의,5
senior-CS448-이주영-pos-널널,5
senior-CS448-이주영-pos-성적,5
senior-CS448-이주영-neg-강의,5
senior-CS448-이주영-neg-널널,5
senior-CS448-이주영-neg-성적,5
freshman-CS101-이기혁-pos-강의,2
freshman-CS101-이기혁-pos-널널,2
freshman-CS101-이기혁-pos-성적,2
freshman-CS101-이기혁-neg-강의,2
freshman-CS101-이기혁-neg-널널,2
freshman-CS101-이기혁-neg-성적,2
senior-CS408-이동만,-pos-강의,1
senior-CS408-이동만,-pos-널널,1
senior-CS408-이동만,-pos-성적,1
senior-CS408-이동만,-neg-강의,1
senior-CS408-이동만,-neg-널널,1
senior-CS408-이동만,-neg-성적,1
senior-CS453-유신-pos-강의,3
senior-CS453-유신-pos-널널,3
senior-CS453-유신-pos-성적,3
senior-CS453-유신-neg-강의,3
senior-CS453-유신-neg-널널,3
senior-CS453-유신-neg-성적,3
senior-CS492-황성주-pos-강의,4
senior-CS492-황성주-pos-널널,4
senior-CS492-황성주-pos-성적,4
senior-CS492-황성주-neg-강의,4
senior-CS492-황성주-neg-널널,4
senior-CS492-황성주-neg-성적,4
junior-CS380-김민혁-pos-강의,4
junior-CS380-김민혁-pos-널널,4
junior-CS380-김민혁-pos-성적,4
junior-CS380-김민혁-neg-강의,4
junior-CS380-김민혁-neg-널널,4
junior-CS380-김민혁-neg-성적,4
graduate-CS966-이윤준,-pos-강의,1
graduate-CS966-이윤준,-pos-널널,1
graduate-CS966-이윤준,-pos-성적,1
graduate-CS966-이윤준,-neg-강의,1
graduate-CS966-이윤준,-neg-널널,1
graduate-CS966-이윤준,-neg-성적,1
freshman-CS101-송준화-pos-강의,1
freshman-CS101-송준화-pos-널널,1
freshman-CS101-송준화-pos-성적,1
freshman-CS101-송준화-neg-강의,1
freshman-CS101-송준화-neg-널널,1
freshman-CS101-송준화-neg-성적,1
graduate-CS660-맹성현-pos-강의,2
graduate-CS660-맹성현-pos-널널,2
graduate-CS660-맹성현-pos-성적,2
graduate-CS660-맹성현-neg-강의,2
graduate-CS660-맹성현-neg-널널,2
graduate-CS660-맹성현-neg-성적,2
graduate-CS570-최호진-pos-강의,1
graduate-CS570-최호진-pos-널널,1
graduate-CS570-최호진-pos-성적,1
graduate-CS570-최호진-neg-강의,1
graduate-CS570-최호진-neg-널널,1
graduate-CS570-최호진-neg-성적,1
senior-CS492-고용민-pos-강의,1
senior-CS492-고용민-pos-널널,1
senior-CS492-고용민-pos-성적,1
senior-CS492-고용민-neg-강의,1
senior-CS492-고용민-neg-널널,1
senior-CS492-고용민-neg-성적,1
